Relevance,Explanation
RELEVANT,The generated answer directly addresses the question by providing a specific location (the course page) where the user can sign up for the course.
RELEVANT,"The generated answer directly addresses the question by providing a link to sign up, which fulfills the request made in the question."
RELEVANT,"The generated answer directly confirms the existence of an FAQ for the Machine Learning course and provides a specific URL where it can be found, thus addressing the question accurately."
PARTLY_RELEVANT,"The generated answer addresses the question by indicating that the CONTEXT does not provide information about a GitHub repository specifically for the sign-up link, which is relevant to the inquiry. However, it also mentions the use of GitHub for notes and homework, which is less relevant to the specific question about the sign-up link. Thus, it provides some relevant information but does not fully answer the question."
PARTLY_RELEVANT,"The generated answer acknowledges the lack of specific information in the context provided but offers general advice on question clarity and answering comprehensively. It partially addresses the original question about structuring questions and answers, but does not provide detailed guidance or specific strategies, hence it falls short of being fully relevant."
RELEVANT,"The generated answer directly addresses the question about whether the course videos are live or pre-recorded by clearly stating that they are pre-recorded. Additionally, it adds useful information about the immediacy of access to the videos, which is related to the question."
RELEVANT,"The generated answer directly addresses the question by informing the user that they can start watching the course videos immediately, which is exactly what the question is asking for."
RELEVANT,The generated answer directly addresses the question by confirming that the live office hours sessions are recorded and provides additional context about being able to watch them later if missed.
RELEVANT,"The generated answer directly addresses the question by specifying where to find the office hours sessions, which is in the course playlist on YouTube. This provides the necessary information related to the query."
RELEVANT,The generated answer directly addresses the question by providing specific locations (YouTube course playlist and the course page) where the user can access the pre-recorded course videos.
RELEVANT,"The generated answer directly addresses the question about session recording by confirming that sessions are indeed recorded, which ensures that nothing is missed if one cannot attend. It also provides additional information about how questions can be addressed, which is relevant to the context of missed sessions."
RELEVANT,"The generated answer directly addresses the question by confirming that it is possible to ask questions in advance if one cannot attend a live stream, providing additional context about office hours and communication methods."
RELEVANT,"The generated answer directly addresses the question about how questions will be handled if a session is missed. It explains that everything is recorded, advance questions can be submitted, and questions can be asked in Slack, providing clear options for the user."
RELEVANT,"The generated answer directly addresses the question by confirming that there is a way to catch up on a missed session and provides specific methods (recorded sessions, advance questions for office hours, and asking on Slack) to do so."
RELEVANT,"The generated answer directly addresses the question about interacting with instructors after missing a session. It confirms that interaction is possible and provides specific options for engagement, including using recorded content and communication channels like office hours and Slack."
RELEVANT,The generated answer directly addresses the amount of theoretical content in the course by stating that it contains the bare minimum and elaborating on the focus being more on practical application rather than in-depth theoretical exploration. This clear response meets the requirement of the question.
RELEVANT,"The generated answer directly addresses the question about whether the course will cover theoretical derivations like the gradient update rule for logistic regression. It clearly states that the course will not cover these topics and provides additional context about the course's focus, which aligns with the inquiry."
RELEVANT,"The generated answer directly addresses the question by stating that the course focuses more on practice than theory and elaborates on this distinction, making it clear and pertinent to the inquiry."
RELEVANT,"The generated answer directly addresses the question by suggesting that the user explore other courses dedicated to the theoretical topics not covered in the current course. It mentions the limitations of the course regarding theoretical coverage and points towards specialized courses for a deeper understanding, which is exactly what the question is asking for."
RELEVANT,"The generated answer directly addresses the question by confirming that the course will help in both using logistic regression and interpreting its results, which aligns perfectly with the inquiry."
RELEVANT,"The generated answer directly addresses the question regarding the necessity of prior knowledge in math for the course. It clearly states that prior knowledge is not necessary and provides additional context about the course content and resources available for assistance, making it highly relevant to the question."
PARTLY_RELEVANT,"The generated answer mentions linear algebra as part of the content covered in the course, which directly addresses the question about the type of mathematical content. However, it also suggests that there will be very few mathematical formulas and emphasizes the focus on coding, which somewhat diminishes its relevance to the overall question regarding mathematical content."
RELEVANT,The generated answer directly addresses the question by confirming that resources are available to help with linear algebra and providing specific examples of those resources. This clearly meets the needs of someone seeking assistance with linear algebra.
RELEVANT,"The generated answer directly addresses the question by confirming that seeking help from the community for math-related questions is indeed possible, and it encourages the user to ask for assistance."
RELEVANT,"The generated answer directly addresses the question by providing specific video recommendations for learning linear algebra, including titles and creators, which makes it highly relevant."
RELEVANT,"The generated answer directly addresses the concern about not receiving a confirmation email by suggesting practical steps to take, such as checking the promotions tab or spam folder. It also mentions what to do if the user has unsubscribed, which is relevant to the issue. Furthermore, it provides additional options for staying updated, which, while not strictly necessary for answering the main question, adds value to the response."
PARTLY_RELEVANT,"The generated answer directly addresses the possibility of the confirmation email going to the spam folder, which is relevant to the question. However, it includes additional information about checking the promotions tab, unsubscribing, and joining channels that, while useful, are not directly related to the core question about the spam folder. This makes the answer partly relevant rather than fully relevant."
RELEVANT,"The generated answer directly addresses the question by confirming that unsubscribing from the newsletter can indeed affect the reception of course updates. It also provides additional recommendations for staying informed about course-related updates, which adds value to the response."
RELEVANT,"The generated answer directly addresses the question by offering specific alternatives for obtaining course updates if the confirmation email is not received, thereby providing helpful information to the user."
RELEVANT,The generated answer directly addresses the question by suggesting alternative communication channels (Slack and Telegram) to stay informed about the course in light of email issues. It provides actionable advice that is relevant to the user's situation.
RELEVANT,"The generated answer directly provides the duration of the course, stating it is approximately 4 months, which directly addresses the question asked."
RELEVANT,"The generated answer directly addresses the question by stating that the course takes approximately 4 months. It also provides additional context about potential variations in duration, which while not strictly necessary, adds useful information relevant to the inquiry."
RELEVANT,"The generated answer directly addresses the question by confirming that the course can take more than 4 months and provides a clear reason for why that might be the case, which is engaging in extra activities."
PARTLY_RELEVANT,"The generated answer provides some information about the course duration and mentions activities that could extend the time commitment, but it does not directly address the possibility of officially extending the course duration, thus making it only partially relevant to the question."
RELEVANT,The generated answer directly addresses the question by providing specific examples of extra activities (engaging in an additional project or writing an article) that could extend the course time. This is aligned with the inquiry about activities that may lengthen the course duration.
RELEVANT,The generated answer directly addresses the question by providing a specific recommendation of approximately 10 hours per week for course allocation. This information is directly relevant to the inquiry about time management for the course.
RELEVANT,"The generated answer directly addresses the question by stating that Timur Kamaliev is the individual who analyzed the time needed for different modules, thereby providing a clear and accurate response."
RELEVANT,"The generated answer directly addresses the question by providing a specific time frame that students of the previous cohort spent weekly, which is essential information requested in the question."
RELEVANT,"The generated answer directly addresses the question about the estimated weekly time commitment for the course by providing a specific estimate of around 10 hours per week, which is exactly what was asked."
RELEVANT,"The generated answer directly addresses the question by specifying where to find a detailed analysis of study time requirements, namely in an article by Timur Kamaliev. It provides context about the content of the analysis, which aligns well with the user's request."
RELEVANT,"The generated answer directly addresses the question by explaining the specific requirements needed to earn a certificate in the course, making it clear and informative."
RELEVANT,"The generated answer directly addresses the question by listing specific requirements needed to receive a certificate, such as submitting course projects and reviewing peers' projects."
RELEVANT,"The generated answer directly addresses the question about whether all projects need to be completed to receive a certificate, clearly stating that only a minimum of 2 projects needs to be submitted along with peer reviews. This information is directly applicable and answers the user's inquiry."
PARTLY_RELEVANT,"The generated answer does not provide a specific deadline for the certificate qualification, which is the main focus of the question. However, it does offer information on the requirements for qualification, which adds some context. Thus, it is partly relevant but fails to fully address the question."
RELEVANT,"The generated answer directly addresses the question by confirming the existence of an option for a certificate without a robot image, thereby providing a clear and relevant response."
RELEVANT,"The generated answer directly addresses the question by confirming that a certificate can still be received even if the midterm project is not completed, while also providing specific eligibility criteria for receiving the certificate. This makes the information highly pertinent to the user's inquiry."
RELEVANT,"The generated answer directly addresses the question about graduation requirements without the midterm project, stating that completing other project components suffices. This provides clear and pertinent information related to the question."
RELEVANT,"The generated answer directly addresses the question about eligibility for certification after missing the midterm project. It specifies the conditions required for certification, which are pertinent to the inquiry."
RELEVANT,"The generated answer directly addresses the question about the midterm project and clarifies that it is not mandatory to complete it for the certificate. Additionally, it provides relevant information about the requirements for obtaining the certificate, which aligns well with the question."
RELEVANT,"The generated answer directly addresses the question about the impact of missing the midterm project on certification eligibility. It provides specific information about the course requirements that allow for maintaining eligibility, thus being pertinent to the inquiry."
RELEVANT,"The generated answer directly addresses the question by listing specific Python basics required for the course, such as using Jupyter notebooks, importing libraries, and understanding variables. It also suggests a resource for further learning, which is highly relevant to someone seeking to understand the prerequisites for the course."
RELEVANT,"The generated answer directly responds to the question by providing specific resources where someone can learn the necessary Python knowledge relevant to the course. It mentions both a bookcamp and an online course, detailing what topics they cover, which aligns well with the inquiry about learning Python."
RELEVANT,"The generated answer explains the significance of knowing how to run a Jupyter notebook in relation to the course. It outlines practical uses such as programming tasks and troubleshooting, which connects directly to the importance of engaging with course material effectively. Although it mentions the lack of specific context, it still provides a relevant rationale for why Jupyter notebooks are essential for the course."
RELEVANT,"The generated answer directly addresses the question by listing basic operations relevant to data analysis, including running a Jupyter notebook, importing libraries, and declaring variables. These operations are fundamental for understanding and executing data analysis tasks, making the answer pertinent and useful for the course requirements."
RELEVANT,"The generated answer directly addresses the question by suggesting a specific course that teaches Python basics, including how to declare variables. It provides a clear path for learning as requested in the question."
RELEVANT,"The generated answer directly addresses the question about hardware requirements by stating that a working laptop with internet is needed. It also mentions that the Deep Learning part may require more resources and suggests using cloud services, aligning with the question's focus on both hardware and cloud-based solutions."
RELEVANT,"The generated answer directly addresses the question by confirming that a laptop and internet connection are sufficient for the Machine Learning section, which is exactly what the question inquired about."
RELEVANT,"The generated answer directly addresses the question by confirming that the Deep Learning part is more resource-intensive than the Machine Learning part. It also provides additional context about the requirements for each portion, making the answer comprehensive and informative."
RELEVANT,The generated answer directly addresses the question by confirming that Saturn Cloud can be used for the Deep Learning part of the course and provides additional context by mentioning its suitability for resource-intensive tasks.
RELEVANT,"The generated answer directly addresses the question by confirming that it is indeed possible to use other cloud services besides Saturn Cloud for the Deep Learning section. It provides additional context about the common use of Saturn Cloud while also allowing for alternatives, thus fully answering the question."
RELEVANT,"The generated answer directly addresses the question by providing a specific source where detailed instructions for installing TensorFlow GPU on Ubuntu can be found. It also mentions that the guide offers a step-by-step process, which is highly relevant to the user's request for installation instructions."
RELEVANT,"The generated answer directly addresses the question by confirming the existence of a guide to set up TensorFlow with GPU on Ubuntu. It also provides a link to a relevant article and mentions necessary components like CUDA and cuDNN, which are essential for the setup, enhancing the relevance of the response."
RELEVANT,"The generated answer directly addresses the question by providing concrete steps to configure GPU support for TensorFlow on an Ubuntu machine, including setting up CUDA, cuDNN, Nvidia drivers, and pointing to useful resources for detailed instructions. This makes the response relevant and useful for the user's inquiry."
RELEVANT,"The generated answer directly addresses the question about installing TensorFlow with GPU on Ubuntu by providing a resource link and mentioning the necessary components, CUDA and cuDNN, which are crucial for the setup."
RELEVANT,"The generated answer directly addresses the procedure to set up TensorFlow GPU on Ubuntu by indicating the need to install CUDA, cuDNN, and necessary Nvidia drivers. It provides useful links to resources that offer detailed instructions, aligning well with the user's request for guidance on setting up TensorFlow GPU."
RELEVANT,"The generated answer provides a clear and concise step-by-step guide on how to join a channel in Slack, directly addressing the question. Additionally, it includes a link for more detailed information, enhancing its usefulness."
RELEVANT,"The generated answer provides clear and specific steps for finding course channels on Slack, directly addressing the question with useful instructions on how to navigate Slack to locate these channels."
PARTLY_RELEVANT,"The generated answer touches on the need for a public GitHub repository and suggests that a URL might be necessary for access, but it does not provide a definitive answer to whether the URL is required. It indicates ambiguity in the requirement, aligning partially with the question."
RELEVANT,"The generated answer directly addresses the question about where to provide the GitHub URL for homework by stating that the URL should be submitted to receive a grade, indicating it is necessary for the homework submission process."
RELEVANT,"The generated answer provides clear, step-by-step instructions on how to join a Slack channel, directly addressing the question. It includes actionable guidance and resources for further assistance, making it fully relevant to the user's inquiry."
RELEVANT,"The generated answer directly addresses the question about participating in the course after joining late. It confirms that participation is still possible, outlines the implications of late joining regarding homework submissions, and provides specific requirements for receiving a certificate, thereby fully answering the user's inquiry."
RELEVANT,"The generated answer directly addresses the question about obtaining a certificate after joining the course has started, providing clear conditions that must be met to be eligible for the certificate."
RELEVANT,"The generated answer directly addresses the question by stating that 2 out of 3 course projects must be submitted to be eligible for a certificate, which is the specific information requested."
RELEVANT,"The generated answer directly addresses the requirement for obtaining a certificate, stating that reviewing 3 peers' projects by the deadline is necessary. This information is clearly related to the question asked."
PARTLY_RELEVANT,"The generated answer addresses the question about submitting homework after joining a course mid-session, but it primarily focuses on the limitations regarding deadlines and alternative submission requirements for projects. While it does acknowledge the possibility of submitting some work, it does not clearly clarify the status of homework submissions specifically, making it somewhat relevant but not entirely comprehensive."
